t2_username,twitter_username,Name
gabor,gabor,Gabor Cselle
sarah,heysarah,Sarah Oh
erica,ericakochi,Erica Kochi
raj,rajatsuri,Rajat Suri
vijay,vijayp,Vijay Pandurangan
paul,englishpaulm,Paul English
paul2,englishpaulm2,Paul English2